Column,Point-Biserial Correlation,P-value
HeightInMeters,0.04834933253699908,9.510020078108248e-239
WeightInKilograms,0.0833382239120551,0.0
BMI,0.06705067017523006,0.0
